Fecha,Ventas (USD),Clientes Nuevos,Promedio de Pedido (USD),Net Promoter Score (NPS),Categoria,Gasto Publicitario (USD),Conversiones,ROI (%),Utilidad Bruta (USD),Tasa de Retención,Satisfacción del Empleado,Órdenes Procesadas,Costos de Envío,Tiempo de Entrega
2023-01-01 00:00:00.000000000,1091.122502540554,21.0,71.88226705260553,6.0,ventas,,,,,,,,,
2023-01-04 16:14:32.727272727,7920.725650246745,78.0,93.10409023638562,3.0,ventas,,,,,,,,,
2023-01-08 08:29:05.454545454,8427.455710955232,71.0,482.9948510395365,4.0,ventas,,,,,,,,,
2023-01-12 00:43:38.181818181,7805.082414381078,19.0,73.56272891413286,8.0,ventas,,,,,,,,,
2023-01-15 16:58:10.909090909,8786.78029377683,29.0,182.2849048249298,6.0,ventas,,,,,,,,,
2023-01-19 09:12:43.636363636,2586.8139035658915,72.0,93.99803099840516,2.0,ventas,,,,,,,,,
2023-01-23 01:27:16.363636363,3766.2458735365935,27.0,417.03499252428446,3.0,ventas,,,,,,,,,
2023-01-26 17:41:49.090909090,7789.812360463321,23.0,122.46445258053524,1.0,ventas,,,,,,,,,
2023-01-30 09:56:21.818181818,9210.76996655074,12.0,359.63305182174787,2.0,ventas,,,,,,,,,
2023-02-03 02:10:54.545454545,4936.562774152057,15.0,88.79723914571288,1.0,ventas,,,,,,,,,
2023-02-06 18:25:27.272727272,6481.561021970472,87.0,308.91212396943524,2.0,ventas,,,,,,,,,
2023-02-10 10:40:00.000000000,6566.885755645279,2.0,387.2293955596733,1.0,ventas,,,,,,,,,
2023-02-14 02:54:32.727272727,1312.4386645317209,85.0,55.613111299781,1.0,ventas,,,,,,,,,
2023-02-17 19:09:05.454545454,2939.625969685443,81.0,354.4804734367285,1.0,ventas,,,,,,,,,
2023-02-21 11:23:38.181818181,829.8060983792618,2.0,72.24605357852442,4.0,ventas,,,,,,,,,
2023-02-25 03:38:10.909090909,2894.9012456120668,28.0,44.42071701906124,8.0,ventas,,,,,,,,,
2023-02-28 19:52:43.636363636,9063.816730547687,59.0,37.707145034944496,9.0,ventas,,,,,,,,,
2023-03-04 12:07:16.363636363,1041.3270070654985,76.0,291.45427417235294,9.0,ventas,,,,,,,,,
2023-03-08 04:21:49.090909090,3576.313807069947,65.0,287.0290570921824,8.0,ventas,,,,,,,,,
2023-03-11 20:36:21.818181818,1677.6625119088062,97.0,388.5859093018335,3.0,ventas,,,,,,,,,
2023-03-15 12:50:54.545454545,4156.858661736045,3.0,342.37001650422684,6.0,ventas,,,,,,,,,
2023-03-19 05:05:27.272727272,6512.112452038157,12.0,79.67417909402633,6.0,ventas,,,,,,,,,
2023-03-22 21:20:00.000000000,3564.558520649689,16.0,51.06609677784286,6.0,ventas,,,,,,,,,
2023-03-26 13:34:32.727272727,9846.68563604304,67.0,230.61637737273304,4.0,ventas,,,,,,,,,
2023-03-30 05:49:05.454545454,3137.5844243623937,98.0,385.1561786674736,9.0,ventas,,,,,,,,,
2023-04-02 22:03:38.181818181,8147.961211436928,67.0,305.1918510948339,7.0,ventas,,,,,,,,,
2023-04-06 14:18:10.909090908,588.3947949323172,37.0,375.0628816815975,9.0,ventas,,,,,,,,,
2023-04-10 06:32:43.636363636,1980.7977916334216,45.0,176.24487238382207,7.0,ventas,,,,,,,,,
2023-04-13 22:47:16.363636363,1328.3689293236605,78.0,78.41610406844481,2.0,ventas,,,,,,,,,
2023-04-17 15:01:49.090909090,1186.683046613772,11.0,68.86518610426978,0.0,ventas,,,,,,,,,
2023-04-21 07:16:21.818181818,4973.140014261835,9.0,102.49155043990818,1.0,ventas,,,,,,,,,
2023-04-24 23:30:54.545454544,4623.483156970892,56.0,496.3802414786774,0.0,ventas,,,,,,,,,
2023-04-28 15:45:27.272727272,702.6453623711925,78.0,79.78564881279075,3.0,ventas,,,,,,,,,
2023-05-02 08:00:00.000000000,7941.560515345866,95.0,463.15288659613367,3.0,ventas,,,,,,,,,
2023-05-06 00:14:32.727272726,8837.074248580677,1.0,60.70536401613401,1.0,ventas,,,,,,,,,
2023-05-09 16:29:05.454545454,5632.106160433395,49.0,379.91612125736987,5.0,ventas,,,,,,,,,
2023-05-13 08:43:38.181818180,3000.8562512305143,35.0,115.15238147229228,7.0,ventas,,,,,,,,,
2023-05-17 00:58:10.909090908,846.718764420378,10.0,60.51794556434732,6.0,ventas,,,,,,,,,
2023-05-20 17:12:43.636363636,8017.580023373345,1.0,241.0634479053984,0.0,ventas,,,,,,,,,
2023-05-24 09:27:16.363636362,6462.793207088763,71.0,301.852564460871,2.0,ventas,,,,,,,,,
2023-05-28 01:41:49.090909090,4759.711011595038,47.0,459.28963251334176,5.0,ventas,,,,,,,,,
2023-05-31 17:56:21.818181818,8876.576801283843,21.0,89.53089126069067,2.0,ventas,,,,,,,,,
2023-06-04 10:10:54.545454544,9532.137498175864,9.0,290.81795871018164,2.0,ventas,,,,,,,,,
2023-06-08 02:25:27.272727272,8639.438768932068,28.0,326.8231566456656,1.0,ventas,,,,,,,,,
2023-06-11 18:40:00.000000000,5995.17862187552,68.0,491.4152874278826,0.0,ventas,,,,,,,,,
2023-06-15 10:54:32.727272726,2571.854446771109,30.0,164.24426000215624,6.0,ventas,,,,,,,,,
2023-06-19 03:09:05.454545454,1570.2328035453454,56.0,223.57756825625427,0.0,ventas,,,,,,,,,
2023-06-22 19:23:38.181818180,6480.265220976812,87.0,498.7174874677187,2.0,ventas,,,,,,,,,
2023-06-26 11:38:10.909090908,7865.036709807079,22.0,145.5906192642246,1.0,ventas,,,,,,,,,
2023-06-30 03:52:43.636363636,995.066153542367,37.0,499.519011667173,9.0,ventas,,,,,,,,,
2023-07-03 20:07:16.363636362,7444.442632258328,22.0,206.57028026746556,6.0,ventas,,,,,,,,,
2023-07-07 12:21:49.090909090,3726.967359455856,18.0,71.66545981810285,6.0,ventas,,,,,,,,,
2023-07-11 04:36:21.818181816,7178.454700550573,89.0,40.265781831619165,3.0,ventas,,,,,,,,,
2023-07-14 20:50:54.545454544,4591.253518664575,27.0,424.9525497915122,5.0,ventas,,,,,,,,,
2023-07-18 13:05:27.272727272,4332.575112324725,99.0,435.8919671161676,1.0,ventas,,,,,,,,,
2023-07-22 05:19:59.999999998,7749.526942751412,45.0,346.14202348822994,4.0,ventas,,,,,,,,,
2023-07-25 21:34:32.727272726,2008.4482130166143,23.0,428.8697379623984,0.0,ventas,,,,,,,,,
2023-07-29 13:49:05.454545452,4182.053040151792,54.0,350.85162998310483,0.0,ventas,,,,,,,,,
2023-08-02 06:03:38.181818180,7680.470185447592,59.0,482.99648144808106,2.0,ventas,,,,,,,,,
2023-08-05 22:18:10.909090908,8461.309439815672,91.0,471.6662057669876,5.0,ventas,,,,,,,,,
2023-08-09 14:32:43.636363636,6154.1963674518565,82.0,263.6358216949138,0.0,ventas,,,,,,,,,
2023-08-13 06:47:16.363636364,6605.719321736964,15.0,65.69878450488275,7.0,ventas,,,,,,,,,
2023-08-16 23:01:49.090909088,8599.00580903918,38.0,345.55184713346773,3.0,ventas,,,,,,,,,
2023-08-20 15:16:21.818181816,7174.210955177744,32.0,464.9516774873418,5.0,ventas,,,,,,,,,
2023-08-24 07:30:54.545454544,5023.748926705007,72.0,173.22536666668267,6.0,ventas,,,,,,,,,
2023-08-27 23:45:27.272727272,4545.363269555377,6.0,490.0324397569831,0.0,ventas,,,,,,,,,
2023-08-31 16:00:00.000000000,3156.6266143320345,64.0,447.4071092361413,0.0,ventas,,,,,,,,,
2023-09-04 08:14:32.727272724,8713.553753269021,30.0,418.4706181047658,4.0,ventas,,,,,,,,,
2023-09-08 00:29:05.454545452,2552.7918770181577,57.0,67.6319518440423,9.0,ventas,,,,,,,,,
2023-09-11 16:43:38.181818180,2606.09103829637,9.0,365.0122159949014,5.0,ventas,,,,,,,,,
2023-09-15 08:58:10.909090908,9039.610404327505,33.0,22.013570696940423,1.0,ventas,,,,,,,,,
2023-09-19 01:12:43.636363636,8078.721621218605,42.0,161.07592284589268,3.0,ventas,,,,,,,,,
2023-09-22 17:27:16.363636360,2024.525756541924,14.0,390.21291122882,3.0,ventas,,,,,,,,,
2023-09-26 09:41:49.090909088,9378.108833430311,3.0,141.6129703289882,1.0,ventas,,,,,,,,,
2023-09-30 01:56:21.818181816,2793.59202831591,66.0,187.4268076890282,7.0,ventas,,,,,,,,,
2023-10-03 18:10:54.545454544,3311.6649146019527,48.0,232.38701217037084,0.0,ventas,,,,,,,,,
2023-10-07 10:25:27.272727272,6929.641016142701,48.0,154.52031568674175,6.0,ventas,,,,,,,,,
2023-10-11 02:40:00.000000000,6832.724368816439,16.0,394.0250137653964,6.0,ventas,,,,,,,,,
2023-10-14 18:54:32.727272724,1330.3234675337935,31.0,260.1233674311202,8.0,ventas,,,,,,,,,
2023-10-18 11:09:05.454545452,804.8950345271564,56.0,157.19691327653115,1.0,ventas,,,,,,,,,
2023-10-22 03:23:38.181818180,805.1502064098263,64.0,358.5512904901823,9.0,ventas,,,,,,,,,
2023-10-25 19:38:10.909090908,861.5287206879287,13.0,348.8904219356597,6.0,ventas,,,,,,,,,
2023-10-29 11:52:43.636363636,570.2981919047772,95.0,384.7294798861989,0.0,ventas,,,,,,,,,
2023-11-02 04:07:16.363636360,8958.35507173525,31.0,287.2335660998432,3.0,ventas,,,,,,,,,
2023-11-05 20:21:49.090909088,970.141886403656,65.0,93.46745032947264,5.0,ventas,,,,,,,,,
2023-11-09 12:36:21.818181816,2107.598075628525,44.0,464.40772373406935,7.0,ventas,,,,,,,,,
2023-11-13 04:50:54.545454544,4882.222405969839,20.0,28.88117887225798,2.0,ventas,,,,,,,,,
2023-11-16 21:05:27.272727272,9881.296591819108,29.0,226.1983696910825,3.0,ventas,,,,,,,,,
2023-11-20 13:20:00.000000000,7853.50594180768,55.0,476.23861075464526,0.0,ventas,,,,,,,,,
2023-11-24 05:34:32.727272724,1707.1881732412846,12.0,487.5411265406304,3.0,ventas,,,,,,,,,
2023-11-27 21:49:05.454545452,2627.631751829977,89.0,195.16691327497543,2.0,ventas,,,,,,,,,
2023-12-01 14:03:38.181818180,3317.7234826984327,35.0,343.1577105922959,7.0,ventas,,,,,,,,,
2023-12-05 06:18:10.909090908,4050.4044658215744,48.0,280.63756668458507,0.0,ventas,,,,,,,,,
2023-12-08 22:32:43.636363636,2579.345528064829,8.0,313.6775926498558,2.0,ventas,,,,,,,,,
2023-12-12 14:47:16.363636360,5612.162375899847,2.0,439.6288136769587,5.0,ventas,,,,,,,,,
2023-12-16 07:01:49.090909088,7170.236257456925,92.0,263.3617114400929,4.0,ventas,,,,,,,,,
2023-12-19 23:16:21.818181816,7652.169188937544,99.0,207.8171497985148,0.0,ventas,,,,,,,,,
2023-12-23 15:30:54.545454544,8361.686099784203,66.0,437.7674222643333,6.0,ventas,,,,,,,,,
2023-12-27 07:45:27.272727272,9758.124630330069,28.0,133.6688709876284,4.0,ventas,,,,,,,,,
2023-12-31 00:00:00.000000000,2704.239193507724,35.0,258.7104405100109,1.0,ventas,,,,,,,,,
2023-01-01 00:00:00.000000000,,294.0,,,marketing,8389.807182769371,40.0,143.985527327713,,,,,,
2023-01-04 16:14:32.727272727,,390.0,,,marketing,2692.5509596161287,139.0,177.5360264997551,,,,,,
2023-01-08 08:29:05.454545454,,208.0,,,marketing,3870.853517423401,87.0,276.46323256281795,,,,,,
2023-01-12 00:43:38.181818181,,50.0,,,marketing,5914.582570854551,120.0,179.61028142829863,,,,,,
2023-01-15 16:58:10.909090909,,427.0,,,marketing,9421.356490449769,109.0,107.02901209571868,,,,,,
2023-01-19 09:12:43.636363636,,114.0,,,marketing,9053.025367688237,49.0,263.90245708470616,,,,,,
2023-01-23 01:27:16.363636363,,277.0,,,marketing,6047.597313547978,22.0,103.42545749137544,,,,,,
2023-01-26 17:41:49.090909090,,293.0,,,marketing,1845.864872737708,117.0,72.82683244915893,,,,,,
2023-01-30 09:56:21.818181818,,123.0,,,marketing,1298.279113609222,53.0,298.84210099499643,,,,,,
2023-02-03 02:10:54.545454545,,348.0,,,marketing,4760.875665163855,86.0,289.59779371689206,,,,,,
2023-02-06 18:25:27.272727272,,98.0,,,marketing,4813.562914008153,159.0,234.90670737944757,,,,,,
2023-02-10 10:40:00.000000000,,331.0,,,marketing,7885.757992536132,69.0,237.21589450986215,,,,,,
2023-02-14 02:54:32.727272727,,166.0,,,marketing,8701.658963398226,35.0,182.38780233193148,,,,,,
2023-02-17 19:09:05.454545454,,86.0,,,marketing,8631.190776687592,87.0,278.5844224167151,,,,,,
2023-02-21 11:23:38.181818181,,206.0,,,marketing,5565.201328179982,102.0,120.22835549379052,,,,,,
2023-02-25 03:38:10.909090909,,119.0,,,marketing,5318.710473241898,165.0,83.84426467956234,,,,,,
2023-02-28 19:52:43.636363636,,240.0,,,marketing,7884.866162948346,83.0,284.4332587683909,,,,,,
2023-03-04 12:07:16.363636363,,252.0,,,marketing,2100.776501047908,35.0,177.35577421449,,,,,,
2023-03-08 04:21:49.090909090,,343.0,,,marketing,8487.524599960212,167.0,231.21670173251007,,,,,,
2023-03-11 20:36:21.818181818,,228.0,,,marketing,3301.453130923066,90.0,250.5749272084365,,,,,,
2023-03-15 12:50:54.545454545,,54.0,,,marketing,6289.495368629728,122.0,236.13500977868796,,,,,,
2023-03-19 05:05:27.272727272,,309.0,,,marketing,8565.725591878232,162.0,151.1196431414349,,,,,,
2023-03-22 21:20:00.000000000,,149.0,,,marketing,4093.0355522705377,53.0,216.23478519066927,,,,,,
2023-03-26 13:34:32.727272727,,428.0,,,marketing,9835.001618229666,189.0,198.99300433286967,,,,,,
2023-03-30 05:49:05.454545454,,482.0,,,marketing,9096.578929499405,76.0,86.98630647188517,,,,,,
2023-04-02 22:03:38.181818181,,179.0,,,marketing,9569.022707082791,189.0,243.3407953417868,,,,,,
2023-04-06 14:18:10.909090908,,256.0,,,marketing,2722.6627046548856,89.0,153.30948543603952,,,,,,
2023-04-10 06:32:43.636363636,,473.0,,,marketing,7964.155594679807,199.0,111.04746900580388,,,,,,
2023-04-13 22:47:16.363636363,,237.0,,,marketing,7246.58177435489,188.0,126.38431094161808,,,,,,
2023-04-17 15:01:49.090909090,,250.0,,,marketing,1415.4168092047876,158.0,122.13291390714824,,,,,,
2023-04-21 07:16:21.818181818,,216.0,,,marketing,2553.9871785265977,95.0,135.73576490035708,,,,,,
2023-04-24 23:30:54.545454544,,448.0,,,marketing,9334.878558812785,45.0,50.386980375233215,,,,,,
2023-04-28 15:45:27.272727272,,245.0,,,marketing,4079.44828087304,169.0,67.12738389508395,,,,,,
2023-05-02 08:00:00.000000000,,121.0,,,marketing,5445.186326525396,36.0,159.35329788457608,,,,,,
2023-05-06 00:14:32.727272726,,178.0,,,marketing,9735.770702924088,31.0,184.0857583439405,,,,,,
2023-05-09 16:29:05.454545454,,345.0,,,marketing,7124.266877560994,194.0,265.7415694860381,,,,,,
2023-05-13 08:43:38.181818180,,233.0,,,marketing,4718.743503038939,47.0,65.36711368874171,,,,,,
2023-05-17 00:58:10.909090908,,351.0,,,marketing,4681.488641098528,135.0,276.4298539668158,,,,,,
2023-05-20 17:12:43.636363636,,294.0,,,marketing,8673.619936183875,158.0,120.6904165288518,,,,,,
2023-05-24 09:27:16.363636362,,285.0,,,marketing,4507.466627782411,160.0,223.18779066912825,,,,,,
2023-05-28 01:41:49.090909090,,240.0,,,marketing,5986.473549602426,192.0,110.55347844072328,,,,,,
2023-05-31 17:56:21.818181818,,236.0,,,marketing,9608.727576151918,120.0,296.0714715800587,,,,,,
2023-06-04 10:10:54.545454544,,147.0,,,marketing,1476.057916682194,183.0,188.81221112953736,,,,,,
2023-06-08 02:25:27.272727272,,362.0,,,marketing,4206.454500471547,62.0,252.6686645692613,,,,,,
2023-06-11 18:40:00.000000000,,197.0,,,marketing,6187.146493293392,154.0,276.0105120954962,,,,,,
2023-06-15 10:54:32.727272726,,50.0,,,marketing,8946.873871461028,196.0,91.6725783385377,,,,,,
2023-06-19 03:09:05.454545454,,178.0,,,marketing,8092.02590795222,56.0,101.80159286558074,,,,,,
2023-06-22 19:23:38.181818180,,101.0,,,marketing,3859.4585588387768,139.0,277.13017012200885,,,,,,
2023-06-26 11:38:10.909090908,,269.0,,,marketing,2616.4189664194137,154.0,191.94492623823643,,,,,,
2023-06-30 03:52:43.636363636,,435.0,,,marketing,7315.677274284512,31.0,134.03170401488697,,,,,,
2023-07-03 20:07:16.363636362,,125.0,,,marketing,7898.592166393357,141.0,271.85538867629856,,,,,,
2023-07-07 12:21:49.090909090,,288.0,,,marketing,5684.287607110867,92.0,264.5305545420266,,,,,,
2023-07-11 04:36:21.818181816,,69.0,,,marketing,2027.5144740258645,115.0,130.91917728678732,,,,,,
2023-07-14 20:50:54.545454544,,433.0,,,marketing,2673.9972725543103,175.0,244.9960790528485,,,,,,
2023-07-18 13:05:27.272727272,,98.0,,,marketing,1850.521080668332,198.0,240.18918025419805,,,,,,
2023-07-22 05:19:59.999999998,,239.0,,,marketing,2605.188488266276,198.0,230.25626208997124,,,,,,
2023-07-25 21:34:32.727272726,,189.0,,,marketing,7446.333251933704,35.0,125.32542690571914,,,,,,
2023-07-29 13:49:05.454545452,,369.0,,,marketing,5001.298708488776,157.0,76.07455864947048,,,,,,
2023-08-02 06:03:38.181818180,,249.0,,,marketing,8733.110912589718,181.0,63.25204705781313,,,,,,
2023-08-05 22:18:10.909090908,,74.0,,,marketing,1249.923064546887,197.0,97.4144469240478,,,,,,
2023-08-09 14:32:43.636363636,,165.0,,,marketing,4710.8931585447845,79.0,151.8405590101669,,,,,,
2023-08-13 06:47:16.363636364,,424.0,,,marketing,7977.233047437307,72.0,120.78406729466484,,,,,,
2023-08-16 23:01:49.090909088,,315.0,,,marketing,8537.043469365995,197.0,225.95844012394863,,,,,,
2023-08-20 15:16:21.818181816,,475.0,,,marketing,2514.179248462511,191.0,226.873020854915,,,,,,
2023-08-24 07:30:54.545454544,,492.0,,,marketing,4140.285841902774,70.0,96.86501056727396,,,,,,
2023-08-27 23:45:27.272727272,,99.0,,,marketing,9710.618589681222,65.0,157.95518484929806,,,,,,
2023-08-31 16:00:00.000000000,,408.0,,,marketing,6079.073983811551,103.0,268.99982007373296,,,,,,
2023-09-04 08:14:32.727272724,,303.0,,,marketing,5311.28060202582,137.0,194.2858525980153,,,,,,
2023-09-08 00:29:05.454545452,,491.0,,,marketing,9651.592514320606,148.0,125.3531991154972,,,,,,
2023-09-11 16:43:38.181818180,,166.0,,,marketing,2636.4473199817967,24.0,139.55598208435484,,,,,,
2023-09-15 08:58:10.909090908,,431.0,,,marketing,8489.852680359134,155.0,60.26151899585543,,,,,,
2023-09-19 01:12:43.636363636,,437.0,,,marketing,9787.999623114614,69.0,246.227245618795,,,,,,
2023-09-22 17:27:16.363636360,,120.0,,,marketing,6663.621398258313,195.0,61.82816495317976,,,,,,
2023-09-26 09:41:49.090909088,,458.0,,,marketing,7660.976503700719,32.0,51.7160833757594,,,,,,
2023-09-30 01:56:21.818181816,,92.0,,,marketing,2862.1669229117024,82.0,168.49887189728804,,,,,,
2023-10-03 18:10:54.545454544,,448.0,,,marketing,5726.305358171801,114.0,205.93243050675477,,,,,,
2023-10-07 10:25:27.272727272,,450.0,,,marketing,5839.733240371613,61.0,292.5872034939076,,,,,,
2023-10-11 02:40:00.000000000,,137.0,,,marketing,2155.7885053019486,30.0,128.18657946315147,,,,,,
2023-10-14 18:54:32.727272724,,275.0,,,marketing,1585.3264844023288,82.0,250.6693994075576,,,,,,
2023-10-18 11:09:05.454545452,,467.0,,,marketing,1515.6190253433751,159.0,181.0795151107424,,,,,,
2023-10-22 03:23:38.181818180,,381.0,,,marketing,4168.785386544148,155.0,107.69835770340542,,,,,,
2023-10-25 19:38:10.909090908,,91.0,,,marketing,4809.145566182109,138.0,136.50786645117353,,,,,,
2023-10-29 11:52:43.636363636,,238.0,,,marketing,9003.110518717334,145.0,252.985653719447,,,,,,
2023-11-02 04:07:16.363636360,,146.0,,,marketing,1931.0920652206885,105.0,128.41560295837152,,,,,,
2023-11-05 20:21:49.090909088,,301.0,,,marketing,2802.5402471435937,143.0,157.96637882036885,,,,,,
2023-11-09 12:36:21.818181816,,145.0,,,marketing,9499.710416049033,138.0,229.65155733680683,,,,,,
2023-11-13 04:50:54.545454544,,89.0,,,marketing,2511.9549672360927,177.0,229.8799673729529,,,,,,
2023-11-16 21:05:27.272727272,,180.0,,,marketing,8613.875015778378,171.0,228.80525051298528,,,,,,
2023-11-20 13:20:00.000000000,,293.0,,,marketing,8445.672657993699,79.0,253.082734971001,,,,,,
2023-11-24 05:34:32.727272724,,398.0,,,marketing,7598.566534393967,156.0,242.6201773047513,,,,,,
2023-11-27 21:49:05.454545452,,384.0,,,marketing,6364.661779640562,71.0,281.08820618698786,,,,,,
2023-12-01 14:03:38.181818180,,108.0,,,marketing,2033.3046907732064,166.0,88.42412590966387,,,,,,
2023-12-05 06:18:10.909090908,,379.0,,,marketing,2366.261123809744,57.0,273.542808595604,,,,,,
2023-12-08 22:32:43.636363636,,486.0,,,marketing,5824.672407308452,193.0,262.3012526327584,,,,,,
2023-12-12 14:47:16.363636360,,313.0,,,marketing,3622.160929914436,96.0,125.09360836929332,,,,,,
2023-12-16 07:01:49.090909088,,257.0,,,marketing,1116.3154835437929,148.0,142.9038528590064,,,,,,
2023-12-19 23:16:21.818181816,,418.0,,,marketing,9913.763295731504,170.0,180.77579149009728,,,,,,
2023-12-23 15:30:54.545454544,,250.0,,,marketing,8431.632467404643,181.0,253.3141137938622,,,,,,
2023-12-27 07:45:27.272727272,,233.0,,,marketing,5940.174256504437,174.0,62.266457441806125,,,,,,
2023-12-31 00:00:00.000000000,,234.0,,,marketing,3568.752904934495,149.0,277.5425370721232,,,,,,
2023-01-01 00:00:00.000000000,6005.052702973099,75.0,229.05993389742147,2.0,contabilidad,,,,7514.353698615544,,,,,
2023-01-04 16:14:32.727272727,1529.6922370644145,94.0,324.5374771598794,9.0,contabilidad,,,,19313.468079486865,,,,,
2023-01-08 08:29:05.454545454,4935.952499265711,66.0,267.9403762792057,8.0,contabilidad,,,,10504.254016177189,,,,,
2023-01-12 00:43:38.181818181,7145.197855712978,42.0,452.6510856387728,4.0,contabilidad,,,,3898.773979052132,,,,,
2023-01-15 16:58:10.909090909,1312.761131331035,97.0,388.3893484225995,7.0,contabilidad,,,,7796.194591806256,,,,,
2023-01-19 09:12:43.636363636,2240.062268523908,14.0,466.4664418941925,5.0,contabilidad,,,,8127.874537532568,,,,,
2023-01-23 01:27:16.363636363,9350.646082350651,76.0,455.1609716882239,3.0,contabilidad,,,,2415.5830205800366,,,,,
2023-01-26 17:41:49.090909090,570.8088251448853,31.0,392.1802027980177,8.0,contabilidad,,,,15837.48469783438,,,,,
2023-01-30 09:56:21.818181818,2710.2345569362096,25.0,316.4574355820579,1.0,contabilidad,,,,1529.9040837595612,,,,,
2023-02-03 02:10:54.545454545,7712.733651445385,87.0,106.69533459735308,6.0,contabilidad,,,,7225.053164555183,,,,,
2023-02-06 18:25:27.272727272,8044.467513802767,82.0,22.506804431408906,7.0,contabilidad,,,,7418.475865338406,,,,,
2023-02-10 10:40:00.000000000,4461.551067123091,77.0,106.78570988143424,7.0,contabilidad,,,,19999.995828826195,,,,,
2023-02-14 02:54:32.727272727,7808.943679080104,70.0,456.36264502106286,8.0,contabilidad,,,,11116.230409902071,,,,,
2023-02-17 19:09:05.454545454,946.782122826656,29.0,365.12380217956735,3.0,contabilidad,,,,12753.634521251446,,,,,
2023-02-21 11:23:38.181818181,1457.9637686719989,76.0,21.220488893014444,7.0,contabilidad,,,,14261.09204967161,,,,,
2023-02-25 03:38:10.909090909,9006.260666963331,35.0,410.19863934350303,8.0,contabilidad,,,,10684.750172739266,,,,,
2023-02-28 19:52:43.636363636,6836.703689006511,73.0,139.35533962693705,9.0,contabilidad,,,,2618.036951781126,,,,,
2023-03-04 12:07:16.363636363,3473.003477320809,96.0,166.4735151461436,9.0,contabilidad,,,,9829.771442359412,,,,,
2023-03-08 04:21:49.090909090,6361.386096215236,38.0,301.1817692658845,2.0,contabilidad,,,,15137.187828104104,,,,,
2023-03-11 20:36:21.818181818,6375.649610180543,58.0,279.6216301097587,4.0,contabilidad,,,,8155.281095526843,,,,,
2023-03-15 12:50:54.545454545,3831.128589481562,71.0,223.0640450333981,6.0,contabilidad,,,,17742.455455367435,,,,,
2023-03-19 05:05:27.272727272,8285.038009143307,12.0,232.017135096274,9.0,contabilidad,,,,8344.607654861748,,,,,
2023-03-22 21:20:00.000000000,5260.925327632262,79.0,313.3330197241513,3.0,contabilidad,,,,17572.88586267573,,,,,
2023-03-26 13:34:32.727272727,5563.261360575846,24.0,118.8383473243904,8.0,contabilidad,,,,2064.211882862586,,,,,
2023-03-30 05:49:05.454545454,8774.874296412992,9.0,464.2478536487004,7.0,contabilidad,,,,7660.362048045932,,,,,
2023-04-02 22:03:38.181818181,5436.382142130371,31.0,406.0053515583802,9.0,contabilidad,,,,6492.244211589032,,,,,
2023-04-06 14:18:10.909090908,7173.071414576244,20.0,357.4028395266887,9.0,contabilidad,,,,19931.252499367736,,,,,
2023-04-10 06:32:43.636363636,6081.315879314231,73.0,271.2822138547955,9.0,contabilidad,,,,2879.258672934916,,,,,
2023-04-13 22:47:16.363636363,4494.270564842893,13.0,424.225568055196,7.0,contabilidad,,,,10640.923805420003,,,,,
2023-04-17 15:01:49.090909090,8099.647119499124,78.0,351.39208662966973,7.0,contabilidad,,,,10515.399391939694,,,,,
2023-04-21 07:16:21.818181818,3259.7715502155747,23.0,430.0069998960227,6.0,contabilidad,,,,18117.153017080946,,,,,
2023-04-24 23:30:54.545454544,2703.2870542279384,46.0,386.6763440586211,5.0,contabilidad,,,,11656.069855500597,,,,,
2023-04-28 15:45:27.272727272,4350.944804141856,75.0,405.0821824350955,8.0,contabilidad,,,,16754.17233899999,,,,,
2023-05-02 08:00:00.000000000,8991.725778844448,81.0,363.5217995352799,3.0,contabilidad,,,,7950.730622011021,,,,,
2023-05-06 00:14:32.727272726,5404.645787217172,9.0,488.1760109469956,6.0,contabilidad,,,,3266.4464735239912,,,,,
2023-05-09 16:29:05.454545454,1723.6123913500487,87.0,108.51583651651238,8.0,contabilidad,,,,15121.319338573436,,,,,
2023-05-13 08:43:38.181818180,7268.69804577197,79.0,431.07078998103424,4.0,contabilidad,,,,5502.712353461694,,,,,
2023-05-17 00:58:10.909090908,3155.771284315096,74.0,225.08646808992708,7.0,contabilidad,,,,10614.900179931305,,,,,
2023-05-20 17:12:43.636363636,4632.325755691235,33.0,435.3005872886952,8.0,contabilidad,,,,9111.702038253516,,,,,
2023-05-24 09:27:16.363636362,9210.597010148096,49.0,91.53320250876034,1.0,contabilidad,,,,5110.383416703613,,,,,
2023-05-28 01:41:49.090909090,6429.937278862295,91.0,470.23429736145897,8.0,contabilidad,,,,12578.494405229589,,,,,
2023-05-31 17:56:21.818181818,8443.146037891547,34.0,162.08764992347912,9.0,contabilidad,,,,4127.355517721473,,,,,
2023-06-04 10:10:54.545454544,6506.382240578302,60.0,30.94289794566828,5.0,contabilidad,,,,19966.450151926096,,,,,
2023-06-08 02:25:27.272727272,8474.546464440002,86.0,153.951153842857,1.0,contabilidad,,,,7631.181480392643,,,,,
2023-06-11 18:40:00.000000000,2291.991332017404,12.0,79.55449179532448,9.0,contabilidad,,,,4675.832259279947,,,,,
2023-06-15 10:54:32.727272726,6792.782179068751,46.0,129.46728967357498,1.0,contabilidad,,,,1799.3577863211303,,,,,
2023-06-19 03:09:05.454545454,3471.124670818436,95.0,365.61494599080174,2.0,contabilidad,,,,13383.652364298088,,,,,
2023-06-22 19:23:38.181818180,9811.200375515007,74.0,339.3496259058859,3.0,contabilidad,,,,2244.576408733794,,,,,
2023-06-26 11:38:10.909090908,5136.7803230347445,90.0,397.2976791415357,3.0,contabilidad,,,,1366.454345388098,,,,,
2023-06-30 03:52:43.636363636,1419.8173334469784,23.0,61.35749464914323,7.0,contabilidad,,,,7401.256372737699,,,,,
2023-07-03 20:07:16.363636362,4730.379389677832,18.0,307.9934057868075,3.0,contabilidad,,,,10114.49816145261,,,,,
2023-07-07 12:21:49.090909090,4929.006595757702,84.0,192.84461671353657,7.0,contabilidad,,,,13817.057912890516,,,,,
2023-07-11 04:36:21.818181816,5989.360635843183,66.0,357.3347029124528,4.0,contabilidad,,,,9188.725741572607,,,,,
2023-07-14 20:50:54.545454544,959.5298757827732,48.0,352.9111795123551,3.0,contabilidad,,,,4304.004624385853,,,,,
2023-07-18 13:05:27.272727272,3403.1252280293024,72.0,491.16675256088337,0.0,contabilidad,,,,10530.707109811216,,,,,
2023-07-22 05:19:59.999999998,3445.780690566577,49.0,331.11541358924575,6.0,contabilidad,,,,17944.921504812184,,,,,
2023-07-25 21:34:32.727272726,8025.473888429221,21.0,201.13662243249155,3.0,contabilidad,,,,15863.23408277106,,,,,
2023-07-29 13:49:05.454545452,9681.95703805533,29.0,477.7571085276076,4.0,contabilidad,,,,7983.456397820963,,,,,
2023-08-02 06:03:38.181818180,4215.521734395183,14.0,184.31024726923263,4.0,contabilidad,,,,11812.366370601963,,,,,
2023-08-05 22:18:10.909090908,1508.7771265907818,12.0,44.32404910592994,5.0,contabilidad,,,,5701.579536841235,,,,,
2023-08-09 14:32:43.636363636,2205.4226179378475,54.0,361.9915235627265,4.0,contabilidad,,,,2587.206963962548,,,,,
2023-08-13 06:47:16.363636364,2218.8146086960533,49.0,212.3353940199991,2.0,contabilidad,,,,5966.593767312259,,,,,
2023-08-16 23:01:49.090909088,7017.558058968367,68.0,256.70281204816587,8.0,contabilidad,,,,1854.6083548021995,,,,,
2023-08-20 15:16:21.818181816,3983.397197736777,78.0,402.9621060955017,7.0,contabilidad,,,,1046.683371035458,,,,,
2023-08-24 07:30:54.545454544,2938.274807793357,53.0,436.85359160446336,0.0,contabilidad,,,,18300.48429333739,,,,,
2023-08-27 23:45:27.272727272,6584.528861147152,22.0,39.5010000430058,1.0,contabilidad,,,,1934.54182203522,,,,,
2023-08-31 16:00:00.000000000,6444.902185044722,7.0,151.26135140140775,1.0,contabilidad,,,,6882.746407975065,,,,,
2023-09-04 08:14:32.727272724,8233.691788307788,81.0,96.21170790809904,8.0,contabilidad,,,,2706.8416987603127,,,,,
2023-09-08 00:29:05.454545452,8433.54761510777,12.0,150.18469729657616,8.0,contabilidad,,,,12357.333526546045,,,,,
2023-09-11 16:43:38.181818180,5735.109893956131,87.0,54.57191712220194,0.0,contabilidad,,,,5591.7803456277325,,,,,
2023-09-15 08:58:10.909090908,5579.20020319442,43.0,139.45389540759817,7.0,contabilidad,,,,10728.568882878217,,,,,
2023-09-19 01:12:43.636363636,9754.889863498784,89.0,494.13569541224734,7.0,contabilidad,,,,10371.903317813472,,,,,
2023-09-22 17:27:16.363636360,8756.10990109083,33.0,331.19396486244574,7.0,contabilidad,,,,15218.22387060046,,,,,
2023-09-26 09:41:49.090909088,9311.244025734575,3.0,122.87964239300518,9.0,contabilidad,,,,14411.60195323041,,,,,
2023-09-30 01:56:21.818181816,3345.9673353513645,1.0,44.63600755165363,7.0,contabilidad,,,,5063.295848629943,,,,,
2023-10-03 18:10:54.545454544,9724.566075281056,20.0,98.47676728621848,1.0,contabilidad,,,,5394.280099054622,,,,,
2023-10-07 10:25:27.272727272,5964.329071388272,22.0,160.06574381392636,1.0,contabilidad,,,,8377.921192643247,,,,,
2023-10-11 02:40:00.000000000,6124.252503509624,17.0,176.76008113003704,0.0,contabilidad,,,,1796.4374950946556,,,,,
2023-10-14 18:54:32.727272724,4160.715958676445,88.0,24.077024149573045,6.0,contabilidad,,,,14506.272673642594,,,,,
2023-10-18 11:09:05.454545452,5109.70571135093,37.0,484.7420662830598,0.0,contabilidad,,,,14839.506433964454,,,,,
2023-10-22 03:23:38.181818180,7555.529863358881,60.0,69.36220482008757,0.0,contabilidad,,,,11401.892351576653,,,,,
2023-10-25 19:38:10.909090908,1872.743667909064,51.0,453.8842843867797,5.0,contabilidad,,,,16050.558019326552,,,,,
2023-10-29 11:52:43.636363636,1149.3318094896997,44.0,158.09182108166897,1.0,contabilidad,,,,4778.914839494073,,,,,
2023-11-02 04:07:16.363636360,9710.235493028316,44.0,380.3937743335341,3.0,contabilidad,,,,2914.830675670388,,,,,
2023-11-05 20:21:49.090909088,2890.1962156806453,64.0,135.49404290341465,1.0,contabilidad,,,,19002.812132954343,,,,,
2023-11-09 12:36:21.818181816,509.9530511244891,20.0,142.70821754548604,1.0,contabilidad,,,,5441.157172868794,,,,,
2023-11-13 04:50:54.545454544,6200.120315457732,16.0,228.62890380700355,0.0,contabilidad,,,,4704.899853130786,,,,,
2023-11-16 21:05:27.272727272,5062.929573304415,72.0,84.83545693285848,0.0,contabilidad,,,,14369.71998648023,,,,,
2023-11-20 13:20:00.000000000,7080.812319299047,49.0,110.17051251548172,2.0,contabilidad,,,,4663.238389696369,,,,,
2023-11-24 05:34:32.727272724,987.404988735705,22.0,473.14844450690873,4.0,contabilidad,,,,2739.955300588544,,,,,
2023-11-27 21:49:05.454545452,3383.455352252596,38.0,151.54213300714167,8.0,contabilidad,,,,8565.419340380855,,,,,
2023-12-01 14:03:38.181818180,735.2487508953454,33.0,356.1939350479604,7.0,contabilidad,,,,16564.59176888647,,,,,
2023-12-05 06:18:10.909090908,6301.183710784338,8.0,197.39232649700585,3.0,contabilidad,,,,7239.697155578372,,,,,
2023-12-08 22:32:43.636363636,9584.710269879091,33.0,176.19090835904333,3.0,contabilidad,,,,3839.185156150771,,,,,
2023-12-12 14:47:16.363636360,9906.377848359703,5.0,315.1846755865582,2.0,contabilidad,,,,3240.5240695919983,,,,,
2023-12-16 07:01:49.090909088,1583.6249238219602,65.0,410.7127436500904,6.0,contabilidad,,,,8062.289632147095,,,,,
2023-12-19 23:16:21.818181816,2124.290630747786,26.0,434.7892020335033,2.0,contabilidad,,,,12574.55808761458,,,,,
2023-12-23 15:30:54.545454544,8822.429209722633,69.0,265.378858294249,7.0,contabilidad,,,,7789.097423601766,,,,,
2023-12-27 07:45:27.272727272,1410.7624256305028,31.0,126.41978879109718,2.0,contabilidad,,,,13260.95606418614,,,,,
2023-12-31 00:00:00.000000000,1632.4780929871845,49.0,135.03192006454736,6.0,contabilidad,,,,10966.716111573436,,,,,
2023-01-01 00:00:00.000000000,,,,,recursos_humanos,,,,,85.85556404852476,9.0,,,
2023-01-04 16:14:32.727272727,,,,,recursos_humanos,,,,,63.25513715317965,7.0,,,
2023-01-08 08:29:05.454545454,,,,,recursos_humanos,,,,,57.53381373174032,6.0,,,
2023-01-12 00:43:38.181818181,,,,,recursos_humanos,,,,,71.54259576421084,0.0,,,
2023-01-15 16:58:10.909090909,,,,,recursos_humanos,,,,,92.72183832715665,1.0,,,
2023-01-19 09:12:43.636363636,,,,,recursos_humanos,,,,,81.00014991661243,6.0,,,
2023-01-23 01:27:16.363636363,,,,,recursos_humanos,,,,,69.30065442442323,8.0,,,
2023-01-26 17:41:49.090909090,,,,,recursos_humanos,,,,,52.91070273647739,6.0,,,
2023-01-30 09:56:21.818181818,,,,,recursos_humanos,,,,,66.19477659086817,5.0,,,
2023-02-03 02:10:54.545454545,,,,,recursos_humanos,,,,,81.48134781111827,5.0,,,
2023-02-06 18:25:27.272727272,,,,,recursos_humanos,,,,,54.779666829143615,5.0,,,
2023-02-10 10:40:00.000000000,,,,,recursos_humanos,,,,,54.968950273173874,6.0,,,
2023-02-14 02:54:32.727272727,,,,,recursos_humanos,,,,,90.86080732924856,0.0,,,
2023-02-17 19:09:05.454545454,,,,,recursos_humanos,,,,,57.94853417008064,8.0,,,
2023-02-21 11:23:38.181818181,,,,,recursos_humanos,,,,,87.3390795405709,1.0,,,
2023-02-25 03:38:10.909090909,,,,,recursos_humanos,,,,,76.01816658885542,1.0,,,
2023-02-28 19:52:43.636363636,,,,,recursos_humanos,,,,,91.92498253303393,1.0,,,
2023-03-04 12:07:16.363636363,,,,,recursos_humanos,,,,,56.26784122991732,7.0,,,
2023-03-08 04:21:49.090909090,,,,,recursos_humanos,,,,,52.70607773873272,7.0,,,
2023-03-11 20:36:21.818181818,,,,,recursos_humanos,,,,,92.44418115894076,4.0,,,
2023-03-15 12:50:54.545454545,,,,,recursos_humanos,,,,,86.4531598945977,3.0,,,
2023-03-19 05:05:27.272727272,,,,,recursos_humanos,,,,,92.04953899840164,5.0,,,
2023-03-22 21:20:00.000000000,,,,,recursos_humanos,,,,,51.39536777347301,5.0,,,
2023-03-26 13:34:32.727272727,,,,,recursos_humanos,,,,,67.18660854152783,3.0,,,
2023-03-30 05:49:05.454545454,,,,,recursos_humanos,,,,,90.60674306274316,7.0,,,
2023-04-02 22:03:38.181818181,,,,,recursos_humanos,,,,,73.09962651309576,3.0,,,
2023-04-06 14:18:10.909090908,,,,,recursos_humanos,,,,,68.62375580652525,8.0,,,
2023-04-10 06:32:43.636363636,,,,,recursos_humanos,,,,,82.79026679000773,5.0,,,
2023-04-13 22:47:16.363636363,,,,,recursos_humanos,,,,,55.4025525804373,8.0,,,
2023-04-17 15:01:49.090909090,,,,,recursos_humanos,,,,,60.91282660759174,3.0,,,
2023-04-21 07:16:21.818181818,,,,,recursos_humanos,,,,,72.13228642307351,8.0,,,
2023-04-24 23:30:54.545454544,,,,,recursos_humanos,,,,,91.62275907370513,1.0,,,
2023-04-28 15:45:27.272727272,,,,,recursos_humanos,,,,,81.97389671437459,9.0,,,
2023-05-02 08:00:00.000000000,,,,,recursos_humanos,,,,,62.063325820627256,8.0,,,
2023-05-06 00:14:32.727272726,,,,,recursos_humanos,,,,,98.78140848263844,3.0,,,
2023-05-09 16:29:05.454545454,,,,,recursos_humanos,,,,,92.58834005443458,0.0,,,
2023-05-13 08:43:38.181818180,,,,,recursos_humanos,,,,,77.43726221285047,8.0,,,
2023-05-17 00:58:10.909090908,,,,,recursos_humanos,,,,,96.01958611387178,0.0,,,
2023-05-20 17:12:43.636363636,,,,,recursos_humanos,,,,,70.31035495272278,1.0,,,
2023-05-24 09:27:16.363636362,,,,,recursos_humanos,,,,,88.12244207206089,6.0,,,
2023-05-28 01:41:49.090909090,,,,,recursos_humanos,,,,,65.39725223784427,3.0,,,
2023-05-31 17:56:21.818181818,,,,,recursos_humanos,,,,,83.38479009430982,4.0,,,
2023-06-04 10:10:54.545454544,,,,,recursos_humanos,,,,,89.0032857980734,0.0,,,
2023-06-08 02:25:27.272727272,,,,,recursos_humanos,,,,,66.51237580578349,0.0,,,
2023-06-11 18:40:00.000000000,,,,,recursos_humanos,,,,,51.33794729157532,3.0,,,
2023-06-15 10:54:32.727272726,,,,,recursos_humanos,,,,,97.48253889388724,0.0,,,
2023-06-19 03:09:05.454545454,,,,,recursos_humanos,,,,,94.9822670339519,8.0,,,
2023-06-22 19:23:38.181818180,,,,,recursos_humanos,,,,,52.52651427843188,6.0,,,
2023-06-26 11:38:10.909090908,,,,,recursos_humanos,,,,,97.26125100090164,0.0,,,
2023-06-30 03:52:43.636363636,,,,,recursos_humanos,,,,,68.45206829460527,8.0,,,
2023-07-03 20:07:16.363636362,,,,,recursos_humanos,,,,,87.2999160271927,4.0,,,
2023-07-07 12:21:49.090909090,,,,,recursos_humanos,,,,,70.5236134302838,2.0,,,
2023-07-11 04:36:21.818181816,,,,,recursos_humanos,,,,,54.133611022333525,5.0,,,
2023-07-14 20:50:54.545454544,,,,,recursos_humanos,,,,,53.53274097273579,5.0,,,
2023-07-18 13:05:27.272727272,,,,,recursos_humanos,,,,,61.11428407338546,7.0,,,
2023-07-22 05:19:59.999999998,,,,,recursos_humanos,,,,,86.70807077067784,9.0,,,
2023-07-25 21:34:32.727272726,,,,,recursos_humanos,,,,,82.51289696672079,7.0,,,
2023-07-29 13:49:05.454545452,,,,,recursos_humanos,,,,,65.14312358464235,6.0,,,
2023-08-02 06:03:38.181818180,,,,,recursos_humanos,,,,,74.52504003943311,1.0,,,
2023-08-05 22:18:10.909090908,,,,,recursos_humanos,,,,,79.19044638785742,2.0,,,
2023-08-09 14:32:43.636363636,,,,,recursos_humanos,,,,,79.96576705873748,0.0,,,
2023-08-13 06:47:16.363636364,,,,,recursos_humanos,,,,,77.38103920917641,3.0,,,
2023-08-16 23:01:49.090909088,,,,,recursos_humanos,,,,,52.93338828733695,0.0,,,
2023-08-20 15:16:21.818181816,,,,,recursos_humanos,,,,,62.05440950200752,0.0,,,
2023-08-24 07:30:54.545454544,,,,,recursos_humanos,,,,,55.608023352270806,9.0,,,
2023-08-27 23:45:27.272727272,,,,,recursos_humanos,,,,,80.49784643572352,0.0,,,
2023-08-31 16:00:00.000000000,,,,,recursos_humanos,,,,,67.82093239520941,3.0,,,
2023-09-04 08:14:32.727272724,,,,,recursos_humanos,,,,,87.79466929281347,7.0,,,
2023-09-08 00:29:05.454545452,,,,,recursos_humanos,,,,,66.77550375652437,7.0,,,
2023-09-11 16:43:38.181818180,,,,,recursos_humanos,,,,,91.61914390862827,4.0,,,
2023-09-15 08:58:10.909090908,,,,,recursos_humanos,,,,,61.254564238513744,3.0,,,
2023-09-19 01:12:43.636363636,,,,,recursos_humanos,,,,,65.85014915009654,4.0,,,
2023-09-22 17:27:16.363636360,,,,,recursos_humanos,,,,,63.10699150323008,7.0,,,
2023-09-26 09:41:49.090909088,,,,,recursos_humanos,,,,,93.38507275341696,2.0,,,
2023-09-30 01:56:21.818181816,,,,,recursos_humanos,,,,,74.54399009914648,0.0,,,
2023-10-03 18:10:54.545454544,,,,,recursos_humanos,,,,,87.53887520490098,0.0,,,
2023-10-07 10:25:27.272727272,,,,,recursos_humanos,,,,,51.69285531492821,8.0,,,
2023-10-11 02:40:00.000000000,,,,,recursos_humanos,,,,,68.35760219112966,3.0,,,
2023-10-14 18:54:32.727272724,,,,,recursos_humanos,,,,,55.37118977345691,5.0,,,
2023-10-18 11:09:05.454545452,,,,,recursos_humanos,,,,,53.425348581378586,2.0,,,
2023-10-22 03:23:38.181818180,,,,,recursos_humanos,,,,,87.90711770241386,9.0,,,
2023-10-25 19:38:10.909090908,,,,,recursos_humanos,,,,,82.94002289102414,3.0,,,
2023-10-29 11:52:43.636363636,,,,,recursos_humanos,,,,,54.070364138064605,2.0,,,
2023-11-02 04:07:16.363636360,,,,,recursos_humanos,,,,,79.39578828814011,8.0,,,
2023-11-05 20:21:49.090909088,,,,,recursos_humanos,,,,,57.1291477151334,8.0,,,
2023-11-09 12:36:21.818181816,,,,,recursos_humanos,,,,,65.78174704886442,0.0,,,
2023-11-13 04:50:54.545454544,,,,,recursos_humanos,,,,,56.78382414094637,0.0,,,
2023-11-16 21:05:27.272727272,,,,,recursos_humanos,,,,,79.68464062022748,2.0,,,
2023-11-20 13:20:00.000000000,,,,,recursos_humanos,,,,,99.66817596748396,9.0,,,
2023-11-24 05:34:32.727272724,,,,,recursos_humanos,,,,,97.7721363431132,9.0,,,
2023-11-27 21:49:05.454545452,,,,,recursos_humanos,,,,,97.886867069574,3.0,,,
2023-12-01 14:03:38.181818180,,,,,recursos_humanos,,,,,93.34321444712964,1.0,,,
2023-12-05 06:18:10.909090908,,,,,recursos_humanos,,,,,86.95750342946761,0.0,,,
2023-12-08 22:32:43.636363636,,,,,recursos_humanos,,,,,90.591650491545,3.0,,,
2023-12-12 14:47:16.363636360,,,,,recursos_humanos,,,,,87.50895510248095,6.0,,,
2023-12-16 07:01:49.090909088,,,,,recursos_humanos,,,,,51.11456963881832,7.0,,,
2023-12-19 23:16:21.818181816,,,,,recursos_humanos,,,,,84.39161114015013,9.0,,,
2023-12-23 15:30:54.545454544,,,,,recursos_humanos,,,,,65.3185622022613,2.0,,,
2023-12-27 07:45:27.272727272,,,,,recursos_humanos,,,,,55.83196891389086,1.0,,,
2023-12-31 00:00:00.000000000,,,,,recursos_humanos,,,,,55.19169553141208,2.0,,,
2023-01-01 00:00:00.000000000,,,,,logistica,,,,,,,962.0,360.2997773946559,3.912151638495256
2023-01-04 16:14:32.727272727,,,,,logistica,,,,,,,812.0,638.4791699554092,4.04858049873153
2023-01-08 08:29:05.454545454,,,,,logistica,,,,,,,171.0,781.7280354458708,2.2227794150865785
2023-01-12 00:43:38.181818181,,,,,logistica,,,,,,,127.0,710.2519012550879,1.1963067766390898
2023-01-15 16:58:10.909090909,,,,,logistica,,,,,,,217.0,898.6767595279487,8.920564737683284
2023-01-19 09:12:43.636363636,,,,,logistica,,,,,,,74.0,471.6728440618076,6.112537855323036
2023-01-23 01:27:16.363636363,,,,,logistica,,,,,,,79.0,365.4664801369189,5.502040114316284
2023-01-26 17:41:49.090909090,,,,,logistica,,,,,,,728.0,55.35180274168164,5.254123813322792
2023-01-30 09:56:21.818181818,,,,,logistica,,,,,,,210.0,656.1838094598116,4.9790208420417725
2023-02-03 02:10:54.545454545,,,,,logistica,,,,,,,478.0,616.661859824189,1.0232461740464671
2023-02-06 18:25:27.272727272,,,,,logistica,,,,,,,812.0,678.6683847605548,1.9208814403491137
2023-02-10 10:40:00.000000000,,,,,logistica,,,,,,,694.0,421.3380160267725,2.9035465859455365
2023-02-14 02:54:32.727272727,,,,,logistica,,,,,,,398.0,709.7882499020454,4.922102146866731
2023-02-17 19:09:05.454545454,,,,,logistica,,,,,,,321.0,654.7357287349287,7.38011557611213
2023-02-21 11:23:38.181818181,,,,,logistica,,,,,,,619.0,997.1348382012528,6.124473598122571
2023-02-25 03:38:10.909090909,,,,,logistica,,,,,,,277.0,513.7812412630217,9.0817837907447
2023-02-28 19:52:43.636363636,,,,,logistica,,,,,,,609.0,971.9320773425018,8.07930533561877
2023-03-04 12:07:16.363636363,,,,,logistica,,,,,,,686.0,768.3067911746634,7.858064205239202
2023-03-08 04:21:49.090909090,,,,,logistica,,,,,,,372.0,82.30258706243623,6.3323746128751885
2023-03-11 20:36:21.818181818,,,,,logistica,,,,,,,618.0,425.3306367951109,7.942042539362784
2023-03-15 12:50:54.545454545,,,,,logistica,,,,,,,168.0,918.3303782083084,9.477498888018976
2023-03-19 05:05:27.272727272,,,,,logistica,,,,,,,579.0,959.1102271647458,8.77599079951665
2023-03-22 21:20:00.000000000,,,,,logistica,,,,,,,80.0,930.232566257928,3.9430819867809688
2023-03-26 13:34:32.727272727,,,,,logistica,,,,,,,624.0,701.4410066826865,3.4292411677718446
2023-03-30 05:49:05.454545454,,,,,logistica,,,,,,,552.0,54.99087498724469,8.460552611579999
2023-04-02 22:03:38.181818181,,,,,logistica,,,,,,,627.0,168.05128735001452,6.47442519005212
2023-04-06 14:18:10.909090908,,,,,logistica,,,,,,,21.0,471.0726951186525,7.992772882962911
2023-04-10 06:32:43.636363636,,,,,logistica,,,,,,,836.0,327.40490659079023,6.503478583496737
2023-04-13 22:47:16.363636363,,,,,logistica,,,,,,,64.0,130.35434952217165,5.032968336440206
2023-04-17 15:01:49.090909090,,,,,logistica,,,,,,,510.0,309.6842493485255,9.711932863998229
2023-04-21 07:16:21.818181818,,,,,logistica,,,,,,,832.0,811.801462350968,2.7794398474759903
2023-04-24 23:30:54.545454544,,,,,logistica,,,,,,,18.0,511.83260933582113,6.083190767097677
2023-04-28 15:45:27.272727272,,,,,logistica,,,,,,,444.0,268.4025108622785,5.272137199856649
2023-05-02 08:00:00.000000000,,,,,logistica,,,,,,,692.0,278.7127420068962,3.3168963308100587
2023-05-06 00:14:32.727272726,,,,,logistica,,,,,,,271.0,637.0513590818301,4.030544528894536
2023-05-09 16:29:05.454545454,,,,,logistica,,,,,,,212.0,325.8415226439888,2.4755678183592646
2023-05-13 08:43:38.181818180,,,,,logistica,,,,,,,825.0,155.39408271988287,6.96008930961649
2023-05-17 00:58:10.909090908,,,,,logistica,,,,,,,592.0,739.7162397908021,7.881163738578511
2023-05-20 17:12:43.636363636,,,,,logistica,,,,,,,517.0,830.0839778639264,5.466127082496318
2023-05-24 09:27:16.363636362,,,,,logistica,,,,,,,803.0,869.9403163811003,7.250371502217248
2023-05-28 01:41:49.090909090,,,,,logistica,,,,,,,543.0,837.0807813542626,6.5821803720833065
2023-05-31 17:56:21.818181818,,,,,logistica,,,,,,,355.0,832.9569532381928,6.417089103020333
2023-06-04 10:10:54.545454544,,,,,logistica,,,,,,,818.0,787.7258411403102,5.1026356937937685
2023-06-08 02:25:27.272727272,,,,,logistica,,,,,,,409.0,510.39964149497257,6.071148509322432
2023-06-11 18:40:00.000000000,,,,,logistica,,,,,,,590.0,862.8959975259268,3.85732789537818
2023-06-15 10:54:32.727272726,,,,,logistica,,,,,,,763.0,379.5423818432334,7.007420964690165
2023-06-19 03:09:05.454545454,,,,,logistica,,,,,,,428.0,176.6175398250704,7.213313736669851
2023-06-22 19:23:38.181818180,,,,,logistica,,,,,,,977.0,710.1051015418203,9.4303780554094
2023-06-26 11:38:10.909090908,,,,,logistica,,,,,,,949.0,521.5348297699279,7.281047832640171
2023-06-30 03:52:43.636363636,,,,,logistica,,,,,,,852.0,163.9039983459144,8.438991640616853
2023-07-03 20:07:16.363636362,,,,,logistica,,,,,,,438.0,593.5676294813293,9.085348374603637
2023-07-07 12:21:49.090909090,,,,,logistica,,,,,,,76.0,648.6435520182051,8.78445701512226
2023-07-11 04:36:21.818181816,,,,,logistica,,,,,,,189.0,641.7261135262603,5.249979168259463
2023-07-14 20:50:54.545454544,,,,,logistica,,,,,,,591.0,167.34244060223637,1.8910976823075
2023-07-18 13:05:27.272727272,,,,,logistica,,,,,,,648.0,94.32982499372788,6.584773744324154
2023-07-22 05:19:59.999999998,,,,,logistica,,,,,,,642.0,261.5276108887633,7.0039336225982245
2023-07-25 21:34:32.727272726,,,,,logistica,,,,,,,233.0,552.9630380535506,4.613195244875136
2023-07-29 13:49:05.454545452,,,,,logistica,,,,,,,590.0,802.8579750824479,2.831718414029218
2023-08-02 06:03:38.181818180,,,,,logistica,,,,,,,152.0,113.42067877981262,1.6765327299614756
2023-08-05 22:18:10.909090908,,,,,logistica,,,,,,,595.0,134.4471690955374,8.306794815647908
2023-08-09 14:32:43.636363636,,,,,logistica,,,,,,,851.0,305.4627477569625,2.849857003005852
2023-08-13 06:47:16.363636364,,,,,logistica,,,,,,,673.0,711.7269372838387,7.591148705019641
2023-08-16 23:01:49.090909088,,,,,logistica,,,,,,,940.0,624.9357092716724,4.7822396354952845
2023-08-20 15:16:21.818181816,,,,,logistica,,,,,,,359.0,800.9877501332151,9.210486795852558
2023-08-24 07:30:54.545454544,,,,,logistica,,,,,,,145.0,791.7832911027054,1.955130078046038
2023-08-27 23:45:27.272727272,,,,,logistica,,,,,,,395.0,769.1654715056314,3.370330930744585
2023-08-31 16:00:00.000000000,,,,,logistica,,,,,,,699.0,487.1731380196028,8.00059105474966
2023-09-04 08:14:32.727272724,,,,,logistica,,,,,,,712.0,347.382908868258,4.772611848656456
2023-09-08 00:29:05.454545452,,,,,logistica,,,,,,,262.0,647.7093494094921,3.6296854652137887
2023-09-11 16:43:38.181818180,,,,,logistica,,,,,,,214.0,70.40158545631488,9.771851277093749
2023-09-15 08:58:10.909090908,,,,,logistica,,,,,,,44.0,416.0032112448951,8.20898508218962
2023-09-19 01:12:43.636363636,,,,,logistica,,,,,,,705.0,724.1833162614219,3.839290393199953
2023-09-22 17:27:16.363636360,,,,,logistica,,,,,,,945.0,360.1649300313057,8.57009167896728
2023-09-26 09:41:49.090909088,,,,,logistica,,,,,,,613.0,308.3864273348016,1.606738722944344
2023-09-30 01:56:21.818181816,,,,,logistica,,,,,,,291.0,880.02532502551,4.660453481455329
2023-10-03 18:10:54.545454544,,,,,logistica,,,,,,,503.0,495.1301170718802,4.173229932252799
2023-10-07 10:25:27.272727272,,,,,logistica,,,,,,,716.0,514.7233303845887,9.062789260733355
2023-10-11 02:40:00.000000000,,,,,logistica,,,,,,,826.0,830.6005719422726,4.909035323423506
2023-10-14 18:54:32.727272724,,,,,logistica,,,,,,,944.0,762.6544770891553,5.010100389788918
2023-10-18 11:09:05.454545452,,,,,logistica,,,,,,,940.0,697.3061792684136,7.720347390401496
2023-10-22 03:23:38.181818180,,,,,logistica,,,,,,,364.0,175.48538531518707,7.667818013788983
2023-10-25 19:38:10.909090908,,,,,logistica,,,,,,,885.0,935.5921326334194,9.712864629084017
2023-10-29 11:52:43.636363636,,,,,logistica,,,,,,,778.0,401.13859714691137,8.844126024793512
2023-11-02 04:07:16.363636360,,,,,logistica,,,,,,,46.0,742.4206806184598,7.514397013246681
2023-11-05 20:21:49.090909088,,,,,logistica,,,,,,,798.0,768.8912345890377,3.900255751368005
2023-11-09 12:36:21.818181816,,,,,logistica,,,,,,,403.0,277.73731177171254,8.344058328981639
2023-11-13 04:50:54.545454544,,,,,logistica,,,,,,,890.0,830.2175207508363,5.921579579072932
2023-11-16 21:05:27.272727272,,,,,logistica,,,,,,,349.0,569.9813115462737,6.428226631576549
2023-11-20 13:20:00.000000000,,,,,logistica,,,,,,,403.0,359.6487116408028,2.959442546272599
2023-11-24 05:34:32.727272724,,,,,logistica,,,,,,,945.0,699.6558632262506,4.07921143743426
2023-11-27 21:49:05.454545452,,,,,logistica,,,,,,,254.0,372.0793548277623,3.37369894742974
2023-12-01 14:03:38.181818180,,,,,logistica,,,,,,,678.0,81.10872179909566,1.6969910283452927
2023-12-05 06:18:10.909090908,,,,,logistica,,,,,,,187.0,446.4851498683473,2.209013477580647
2023-12-08 22:32:43.636363636,,,,,logistica,,,,,,,813.0,784.2767072509649,5.66511896705856
2023-12-12 14:47:16.363636360,,,,,logistica,,,,,,,515.0,880.3653323895959,2.949731164386293
2023-12-16 07:01:49.090909088,,,,,logistica,,,,,,,736.0,292.89515177070336,6.831094905147928
2023-12-19 23:16:21.818181816,,,,,logistica,,,,,,,190.0,548.7135894430546,9.131998985367126
2023-12-23 15:30:54.545454544,,,,,logistica,,,,,,,174.0,882.6080238009318,4.6530072990743
2023-12-27 07:45:27.272727272,,,,,logistica,,,,,,,56.0,507.2197066482149,6.31643426679914
2023-12-31 00:00:00.000000000,,,,,logistica,,,,,,,872.0,866.5256076142317,5.664331619767231
